{
  "version": "1.0",
  "defaultProvider": "cdnjs",
  "libraries": [
    {
      "library": "bootstrap-sweetalert@1.0.1",
      "destination": "wwwroot/lib/bootstrap-sweetalert/"
    },
    {
      "library": "fontawesome-iconpicker@3.2.0",
      "destination": "wwwroot/lib/fontawesome-iconpicker/"
    },
    {
      "library": "font-awesome@6.0.0",
      "destination": "wwwroot/lib/font-awesome/"
    },
    {
      "library": "sweetalert@2.1.2",
      "destination": "wwwroot/lib/sweetalert/"
    }
  ]
}